elbow_dx,elbow_sx,shoulder_dx,shoulder_sx,hip_dx_index,hip_sx_index,knee_dx_index,knee_sx_index,action
162.97205899500912,180.0,72.67343002929941,77.48239871348758,80.96920964327876,84.84175535632126,0.20576068767933706,1.9614176677703403,2
15.152662620009302,168.9884336381454,53.681890554793554,89.93697466795588,28.52458659963769,60.5394211717296,57.56547260324721,34.547515175498816,2
3.500355085060089,141.10805883041013,70.96054604016004,85.06904469802703,66.52485872920745,89.11397600943407,29.578884080741116,27.506752696322064,2
18.99710587601231,95.81897090139456,166.23749393246743,12.105246966955878,73.30075576600639,88.49973921827262,4.862642363149992,8.86713997102266,2
116.4816512658009,178.67598812251043,88.6251652194306,95.71059313749963,76.89721005873754,80.39479584498706,10.782778397970816,1.4043400038221954,2
139.433625831862,18.402060485702023,14.628284887841819,53.58289303590176,65.14158074052142,67.82285849403702,5.078680015678675,4.101968981454965,2
6.919152394513674,143.76035734603425,76.82744657667311,83.38849174805648,86.572820557326,89.99170718986524,3.140496102211447,13.753203560171215,2
129.30334098867917,17.676971620189708,11.183528905349926,61.61219768740887,84.8055710922652,76.76677368384922,8.308687774076462,4.078951103691603,2
109.64288062629397,124.87986626471887,89.98894291988037,52.67447951689393,87.9943526286114,88.53461361011482,0.1451671434042874,5.2988738607922095,2
160.72326252772524,144.14588911178265,72.15397383797388,81.0672854810773,37.52856657490942,52.460566126168345,68.16866167207804,49.30446896050799,2
14.11491316222265,142.57536539029488,81.29338601605517,57.4045952942477,87.37577997221794,81.26038908951345,0.7947118967716557,1.403149693990402,2
107.95820808637764,10.386188957484006,5.767888897914142,87.32002605989206,83.39516450324602,82.82401255073653,0.2981023023758419,3.7195280819562644,2
161.78494996076233,69.57766697527657,57.18496074867837,77.59258147259925,86.12742428802673,88.00000770096582,4.069888916714859,1.702818593648419,2
162.28292926858478,8.196718459972997,63.67750127586556,69.02076482823614,74.7137084058325,87.93449008069682,5.8233157268049744,0.08795783620428581,2
118.25038733892421,125.75388725443675,168.26142879327767,99.60520415501294,87.52994870403913,88.73969615349641,2.8328828309671037,1.2400779706740224,2
4.023220929497318,135.90810344350132,68.40830391062667,66.81098111665253,66.82907523964018,86.10095447386817,56.52372170389734,1.9531795482767487,2
9.198261566470395,145.23443172242753,89.98599436528688,73.44292862436335,78.16635469383934,83.07699870916632,10.79421106740164,2.6152498490099862,2
135.1103963557031,20.28255908891661,54.360190801913326,86.93638834044832,54.01223877848447,54.20136840455527,53.157081807851846,53.868467790753634,2
20.761635831327897,97.66517684132371,57.296433224332134,175.67855725596326,74.96018656447318,64.38708125775142,5.585735704240677,3.3305416916068507,2
115.24388660380077,93.99091309842977,74.80316792944295,75.64849864842475,65.95029083613207,61.761989441165454,39.96566814942728,48.73896362775999,2
7.616462019293471,155.30372487277577,56.84539145958475,38.770254264266995,76.92243177553547,75.95453769295406,1.6044436477686617,4.1512120196144195,2
12.89909345282242,146.95054891287248,42.44674568508069,41.314260030431626,71.68114569781281,75.06858282186245,1.484629791002161,11.587728016097325,2
14.133709732710239,160.98073444594587,51.185540685484774,41.57880503456194,75.05863921513884,82.86431634972631,180.0,12.001725213225098,2
14.84634375762636,171.38878338667655,49.67759499238321,54.489608735185215,60.26731448395342,70.4318381831696,3.1288098488321365,9.892455644432507,2
37.8749836510982,150.68671421996018,84.70529459344728,29.115748457454156,83.04096770101162,53.219644425447264,4.909978816126973,80.51207401081989,2
19.756184368604107,171.77615184601737,60.55768601753061,54.613468515630395,89.99329517476843,86.03352558289959,2.8563084136529175,2.166857602316614,2
17.30008691625945,159.2261665303898,77.000437711202,49.15348386374955,82.8669147907923,83.39516450324602,6.620815849224145,0.1374656179844924,2
13.301646998118388,141.7182202695869,88.70258219460175,25.07595928115285,76.1739736305407,85.03676571968289,1.6171457991002536,0.4854563986965759,2
136.17886815733684,137.3634027735173,70.65567072787886,14.713124139398216,89.99086589029994,86.45381071842232,9.202701547300832,8.076529878404658,2
135.14112232425933,127.6407552524496,53.077753552355986,79.8096459172937,89.9913663894538,81.43085812016236,1.5832909321631248,6.0619959737679565,2
132.70725944832617,119.77425513768146,63.3041367682173,82.69727696991984,84.20214561484035,81.3399668508378,3.425271209716699,5.938898303676259,2
106.7603750976267,120.89757375469708,62.653856276692316,172.79919914449175,36.39395472859489,27.59332655083788,43.7752067311187,58.73085472301635,2
49.93767013118463,133.87507881822927,44.9334544091171,21.799351633088328,72.94735109352062,36.86989764584402,32.68657173492948,56.89982603493995,2
139.77165054697738,12.580997070039222,58.002857824511686,87.42926288930947,86.18592516570965,88.37413712260043,0.2833876362454324,4.996923343316831,2
156.42073041303829,6.237076767330385,51.62899064177813,69.17449496789543,62.64038318173654,80.44051699056335,8.432643874556506,1.7990060681285176,2
9.289840781697047,169.68103083506617,78.82450129972885,58.44782590797039,18.954231699511173,57.358285059317616,71.28392788368254,23.815842167806014,2
33.85008766125456,135.73536407345188,78.32238788615561,81.921655336836,38.58370986450831,73.90584862324049,58.423569754723815,14.688582252494154,2
6.205642217477714,143.24417594457452,71.56505117707799,84.13402885827348,43.1523897340054,89.98659034972052,44.10906077089352,12.351333593908693,2
1.0137793977589027,137.61979248624112,62.68756469254906,87.45967003522115,46.81270158345845,85.07890805175255,60.067741280343064,5.551825211976934,2
138.29563839668066,13.388607967099205,52.615263249963625,65.66360913485548,81.88074435567295,82.41584420044008,7.775062657768508,180.0,2
14.502238545024738,150.93389637494883,78.21638548727525,73.31302098358788,80.49998940437403,82.88348869357475,1.7465161112035965,1.8701339464245739,2
15.757317324110701,139.80358904290696,72.20928760326224,65.99545487558503,83.32553095288243,84.76252393318748,1.6155260850573492,3.1761868180073156,2
13.173832914097753,167.94081931053813,84.28112545020393,86.08175113593262,82.53943387383165,89.99249698129714,2.388104667672391,1.3087739526624576,2
119.12736108260367,95.72657254904236,70.16041259831167,7.356646884054965,83.03174325862146,82.00647850636021,3.3645342368447873,3.186514738854082,2
141.53193253236034,116.86157388329869,38.37381297785059,62.87175005037746,30.945982526147258,41.86424543156109,72.29166139066206,61.59391394952083,2
118.01871614709073,115.43242886712898,176.53177074108285,167.01744293838595,84.83387928142083,80.41549381815612,3.06138760791655,4.788455533151891,2
17.113507969868312,102.90328459587433,65.52141766818997,9.12102599453199,30.6240975435553,64.10378724460026,55.47124096253397,40.438690621804554,2
12.138030616207773,141.81798842110825,67.90210788431128,82.84875994986349,32.08603599759541,163.14160123226173,52.28095655519789,54.54038180484263,2
47.10650966296846,99.02312971289066,66.5676278280667,38.94101227602166,159.19625258779126,84.77259827055718,25.211777912360372,15.938683340118967,2
4.081051511505218,102.28283860785494,79.3950661468285,0.4696270196896476,71.03299521608614,86.89069254906474,3.4386149174357867,5.076598040750438,2
10.24319921967114,141.81188309825205,84.86883471710368,65.6810807401868,84.1121857156012,89.99015228799317,0.45047645650695073,1.8272563356950882,2
10.230048707620714,151.2446640644537,74.07230710469736,54.62663674861839,82.3958225174664,71.60503426864291,4.961053045867227,6.545472541009227,2
46.15118736699789,131.92352046801207,67.54169885804465,36.142041236371654,70.99600568985726,46.04094479851287,44.73864492957287,58.672076518045216,2
28.820293758142377,144.88285128649352,77.33586576843364,83.77103226632254,58.05524722379661,42.94652765811897,18.44358598650182,66.95783838549997,2
27.310208838266654,142.19082031192332,75.9523587039906,32.24941786567452,69.98667772937075,51.11788642257487,35.7633394038445,57.21052520696625,2
10.522758823666976,176.03557543336242,69.74287448026293,78.29533881058218,64.3882360915984,69.68303229865919,7.552378791726579,71.28748567151393,2
37.924041202698334,7.961750891008094,57.2587724417311,43.5403876121469,75.36370630387192,79.70507258812255,17.51815876896464,54.17962990265833,2
13.248782339171042,146.844505122979,61.54516452221016,34.37508581798417,65.16824306667723,75.05894517109105,1.498883561505844,8.521931497918185,2
123.54405121430845,153.95897019838577,60.177693559770546,50.053826050064366,77.46782946777962,73.47739542861109,4.70044154078133,3.939106925346318,2
138.5646389721157,9.183558342055326,66.76768625333428,83.44402363017234,87.00153286030555,80.10765631449355,1.2641836365831338,1.6993610182414942,2
71.88950471503813,146.39524234927734,61.01354717831341,29.950364383138307,47.59958739523817,39.93159639885275,48.7246251257326,62.18139507553566,2
9.361859191266458,138.37432952158116,82.00167917058626,25.15169072822361,84.61374972971178,79.01450222103246,4.891238001710139,6.584587083784405,2
140.40516136566904,109.4734128584043,129.18239208310723,156.00408104442263,86.89069254906474,87.66701769803015,4.47583053442944,4.811105192105971,2
41.5297138112861,100.34668346718155,60.118943607085306,163.58358295365142,84.37408870966826,80.40936704459995,6.758952287723326,31.08336790785444,2
36.9977394407403,139.06631877480595,72.09347936894672,37.20322663308492,66.64339974810763,56.365640555165854,29.547412963746872,60.19171196509644,2
137.81506783114236,11.6412269123131,68.03606949049583,80.2689867381158,37.64479331321563,38.52048748426972,42.5476942957337,65.35790081719132,2
24.89950077720487,149.84006721110003,66.00322271143426,47.563770211465005,81.42093448198786,66.11992578524764,10.936581801644524,43.433752182576775,2
145.8725686064995,64.24655520868795,67.73367234981617,83.6759507310312,88.09084756700362,78.69006752597979,2.0156250840765835,5.81212481562748,2
38.36202125438609,124.1651178856715,61.0447717919489,49.14983529098196,26.79608129397347,45.8204085493451,62.47811453372597,45.982577587058984,2
3.5895203316096524,130.6884976606978,86.93759535851149,58.36693069631684,81.51672756511033,88.06149823061301,7.73172223982024,3.8082172257728395,2
157.74527072843554,3.263022057460958,49.08561677997487,80.91719689660849,61.959226357957775,72.1009456467991,4.562608210970581,1.7990060681285176,2
161.59405101699076,5.00125306267336,54.630406154188506,81.09306568839877,81.7910141075539,69.96420973721767,0.343127654418195,1.5902572489785693,2
155.29013978974734,68.73706882747038,59.75615254831229,62.540989533794345,81.73373153947963,81.26468136570178,5.0843455476130535,180.0,2
9.725874967680616,151.97409184863636,87.35958966064284,80.1521523285666,78.69006752597979,88.19986804148986,3.5875162209742566,8.309962947732306,2
146.83258500531934,14.489901015009227,36.921890171965956,68.76197545178329,73.68732849173905,82.41567227271342,0.3540282711722453,180.0,2
146.3468431082935,141.39840032201818,126.2538377374448,73.92642583525361,80.29009224112754,72.93599243977863,7.247589265658477,7.286012210285389,2
135.56517466266448,95.90808617876323,135.94435040357962,143.67110642926303,80.20924624849984,84.29523729643364,1.5331734807423771,2.166385409210424,2
7.29569140987578,139.98998538009218,77.46018255464729,75.0547077362827,86.70290907332061,87.00153286030555,1.0408698464807522,2.734738755963202,2
141.8047688837792,121.4017099224052,78.12754390031947,52.85165033209747,81.87673578294626,68.2058271787714,8.978869576154374,2.496216482312694,2
120.98024262804287,100.98549777896754,3.1243982546937077,5.767888897914142,27.499138731047157,41.157546872085135,80.20275846964276,46.114567578844984,2
150.7202162857499,124.30324887008275,47.40857907952966,61.57127151277596,87.86675952138538,88.22520568183846,0.20595087256639014,2.077470518481139,2
14.328939667661652,144.302805137351,73.85566121971652,89.81517554587852,176.8865612519428,61.870354484233,88.35559673530491,51.67435725304861,2
164.2047630446588,11.124777037746926,55.25071136359667,72.64273998962251,84.08925940165136,88.48167219785208,0.6316809050226644,2.8126195224424224,2
149.14488310110713,131.69047301292994,39.87576926776678,59.336308401194955,80.88644725192661,82.74192771164486,4.34764627096263,5.190054607352248,2
6.146854545213485,160.7978371185007,69.26027303890403,89.57749129571943,87.83610744801022,89.99170718986524,2.7202376417505034,1.7548513953279932,2
101.71743470320337,5.6127176387535185,23.29777526081521,79.60780692365952,83.23476403696007,87.26185348064485,1.7856579830748789,9.304650813016522,2
2.108904145110308,149.06351008604963,67.13989458903305,43.948176077465774,81.91212002546199,73.78160718257054,35.80011170249603,6.119327837617906,2
95.01605523887432,5.7738815116361994,84.53066049851378,82.05159612610825,75.95480108746776,88.14695936917349,5.432139573344875,0.47634236318922407,2
132.02829651251915,154.53665493812838,80.38027220030115,49.9697407281103,89.99112318916055,80.67640822186199,4.228320575663592,3.444715719955101,2
132.51594029767358,21.99310214264551,81.75593442544324,78.71477463074982,88.93189734877286,75.7142566128163,15.258421174586447,4.455391349891384,2
39.706158526798575,153.9300372723359,42.34845125291742,55.84635388538431,72.64597536373867,87.90009548235483,3.6485118391726328,6.218026089862704,2
8.7588837536581,161.5257266949116,79.6253563248806,66.29303081811213,83.92365517885099,74.67308211207784,5.5171130898486,2.8282595590214963,2
13.387470882190014,146.93122020551183,59.715413617773144,31.86445179998468,81.86022057618887,85.75886256544888,5.1254928587102935,3.8488396455691682,2
151.96226410128872,9.333323751888978,82.11686068327027,67.43684088913663,84.61518990860627,41.84850373400993,4.260331355635013,54.95481015690599,2
9.067610935955924,156.6356555239404,79.58461010922669,45.0,89.99191982601968,72.68828726908359,1.5837940947367977,6.008181437458583,2
124.54243919099565,162.97560802721503,69.22774531795417,61.729623753688095,80.07375449334829,84.70125527431045,4.033319039636609,2.1813646725050138,2
37.88913985930909,143.05954108500936,75.94883082472685,34.516834659895,43.90729746434024,38.35135481673109,38.10757687751486,66.49095977580755,2
24.28833341017878,143.6936115218702,77.82854179141252,30.30268072048809,86.55072872848369,84.68917556012815,3.381343972345995,0.8794363372735977,2
72.07123509270691,134.7120839334429,43.64275588063962,19.98310652189998,62.58352617740525,57.33050042496027,27.06858251284369,46.26137754418864,2
16.69539887966966,157.5981667606671,74.94194253027297,57.433235188095644,80.65318519633855,78.27769128149373,3.9510286999061117,3.0183791520212093,2
170.0930230129009,112.19366402579608,96.3701355336499,115.87338522628609,139.46226592814224,109.29655101726784,116.3867685023304,141.71074099160396,1
165.46369115205547,135.01179607408528,93.03190096266917,111.78920644895892,129.94617394993566,119.17384592382746,129.43850008969304,135.71670833321534,1
178.3356103298785,121.09387541401051,111.30749258773305,131.69813432556498,159.54647779384678,131.86665831041537,106.47590800106171,140.4227716528352,1
170.9703120572176,133.5527574057686,100.37677334322782,113.827930338728,103.32350042853635,95.22983909887564,144.78759590968443,154.91491735567843,1
124.5221561836785,139.6963656090571,141.48877041970508,153.89538304909186,97.5653210684323,101.85977912094798,143.16635402885856,144.18054195762613,1
40.03180158153051,174.4300902747664,113.33858763868693,122.15229514128234,94.90485510936274,92.66952629543879,136.339903981811,159.41085656264937,1
172.21438050108296,163.33223696037302,97.2680511646698,121.45324295315606,96.41178419676925,116.85305769642096,165.86341376335912,157.49439115241174,1
164.5592253134334,160.85474371668533,102.50674541547369,127.02672876742963,98.48327243488967,91.99999229903418,165.27333100982912,178.19211549270375,1
152.05360904920707,134.66420230178363,96.3491519752209,117.03062221181642,128.89196168181738,107.35569336436666,130.90556272507723,162.36229954289385,1
158.4852661008751,57.63769412945171,109.25717931802892,123.79926509428405,99.36509448624692,110.16794212068933,145.338220175353,135.10577953375943,1
176.49457510311817,162.55033530715517,90.88549022832463,125.46787447208428,107.68439202655775,96.87372068169284,171.77405954578495,175.11116092570515,1
177.57554453682312,144.756529349852,92.67997394010794,117.43310262682353,124.61328576564028,101.47934587596555,138.4845715121299,169.54807486270346,1
163.05440590362937,153.7433845203644,126.48829486157533,107.06526851050442,113.99677728856574,123.52250586290351,138.80934199277516,136.2482625130972,1
162.5848189696137,145.8375089012523,98.93059010041898,105.68745378530033,109.47030200946695,116.01328105014603,165.3800994691737,158.74716517520187,1
176.80379459495947,146.681374787391,96.32220440879098,111.41588469719107,95.13116528289632,108.14187833789568,168.3406338761263,155.03740805200013,1
151.86584095932307,102.75610390832155,124.07290818808804,153.1503694767714,122.9052429229879,113.43192799408787,144.06198829889212,157.61986494804043,1
170.38027220030114,128.79392734319006,97.16530873291592,124.15212024741055,105.54660398541473,129.30391579597426,151.5685167152269,137.85903767990976,1
121.82697242301687,165.98632280877712,101.65063038980027,104.86069979158331,119.31193708819072,130.2797115409243,165.70625922529325,152.1438222416592,1
129.32094389164484,174.54117016367206,103.16735361165831,98.10802386707925,135.18227652031595,126.57025864680847,126.13525914567276,137.0609575525443,1
98.98725121087045,67.33160399503029,171.8315213759545,145.71312302279102,119.98059291837663,109.53019002219155,135.99917480095291,129.5534436440866,1
119.40287346262114,149.18196652357676,153.1731268242912,113.35617066593709,91.97232027156929,91.00232818522512,170.66188278685266,151.94359488039382,1
145.04544776709307,143.62518317817046,135.237740459293,129.7698839093915,94.4044252091757,114.05395950151872,153.97959464345686,144.7985827126432,1
158.1134703526428,170.73473570299203,152.12804747359667,98.70408458626692,100.21198762178686,104.15011369795782,148.21381167587418,140.58118501567046,1
154.76299443078756,13.373313471499733,156.5443948734855,37.568592028827496,92.3357698616036,97.03634821841368,160.94152538530838,137.37075489150197,1
168.91795692842294,179.1611759015341,125.46153726601386,104.93141717813755,103.62421540032676,106.26918453419457,172.4978462591644,165.12961558465818,1
116.04590350187708,172.21887147021718,135.458880870894,126.82651406273547,94.90123635573299,104.70294354310896,176.62592325532924,159.2075860059071,1
133.90610549798126,177.7639700677914,100.05946249762235,94.24707175018135,124.40746423338845,109.15561244543967,139.77536585934297,150.20001217334655,1
125.96830477471022,179.51553185479142,140.45240252870795,99.64969772465373,90.01068226385323,120.11373315098243,177.12788119496705,145.86719929070426,1
123.38701467409231,164.4173242750679,117.01658475002657,98.2443314589452,118.2173558547293,133.050213993359,150.28480435102784,115.01928561442593,1
93.65610171737393,133.22019535857973,123.96889810471168,112.26368588020851,130.0125742982205,129.32739720692504,125.51881555956608,142.11446269650446,1
138.18735738883302,158.23197700567897,106.92266201179109,109.70445359967344,114.86207626182008,115.08359400619092,139.25762646617903,155.07060096333922,1
122.75452752774032,154.67262805459285,110.13630342824813,109.5366549381284,120.79194888963201,100.8067034113266,133.81068533467618,154.76604184624384,1
162.4242202693105,31.664143618477596,118.35246040710936,26.827891039559272,120.4415287258609,136.33931403740726,148.2965540218741,136.63771175274493,1
138.9069422068527,160.55337769908917,100.69470812007833,111.54981956570155,118.09089758382095,101.11851336957469,125.08780201727845,142.37353309294969,1
162.29290758655037,108.14348586568939,132.38953820020942,154.67843413548638,123.27422404773966,113.82944947796483,142.50446910209297,151.53441370877357,1
155.91605166320187,122.67881637416801,97.1250163489018,111.69348356759856,115.7575601610593,131.01004534552317,114.89141606827866,120.06549555307424,1
142.5238204386386,109.00777260236244,126.0273733851036,151.0091813729323,118.81079374297306,114.72442139100902,142.86304847692833,164.59653713537443,1
172.6409123179848,156.4543034101888,107.7046829523811,140.14276455788425,136.45035426893602,96.06492244544796,128.48901078534504,176.91475923703382,1
175.22050008119467,131.49646835521554,102.34715975930126,124.08188832163555,91.02029782810305,100.39733352243636,159.31070902176086,160.17752930832356,1
128.06692203176686,105.98461092914407,142.52884035843925,147.45731090706275,127.18470645323313,114.86207626182008,135.37447688672282,150.99301802619505,1
173.83177106007955,114.2798924240394,106.99082329198616,137.59093064116774,110.48492926994771,91.61560647688697,159.13493644890067,167.57631815982117,1
26.082233003134686,176.13076140856816,4.398705354995533,179.17006033959987,102.60015982608067,98.8768677410821,122.14673363215485,127.85948573978747,1
25.494053917137183,139.69419530136014,128.0189425931702,158.53064874248062,101.49447911791538,115.05173503105581,127.61742364727107,122.07072067984686,1
171.45772982153278,142.00869686099873,99.79485498824299,130.95856943049188,107.2751197002727,109.91013975749954,144.96209665824455,160.36306057756883,1
28.927365275901487,141.16125517284428,111.87672655274996,145.90268368059895,115.03837348740828,114.79763891041632,142.20474770921558,133.86397196031191,1
172.50698133351344,122.94846981775615,113.90134211860534,140.66683269614816,116.14038362684495,105.94539590092285,148.29989021778886,166.91688277431962,1
43.00059539167733,67.02300996213998,125.11077596227057,96.32831332816775,133.17513814243097,131.27594202725172,109.26184080419407,110.88377658864435,1
129.6081768093491,118.30232785357505,134.6626391518458,104.33402931220877,148.07531047344273,146.77678528735697,118.77087374075532,122.29045076629028,1
140.5198463448657,101.92405979371254,94.22131960746326,120.90221436507173,133.0908475670036,113.54993429209694,137.5380132718128,149.4760599349241,1
164.54288904229938,100.98549777896754,95.58986895982778,3.5875162209742566,112.76868481989742,106.15460546108801,169.81789244067565,173.1532489844213,1
165.94388298765568,134.9492917040719,126.86989764584402,136.18774677046963,126.6305498794857,131.486770766426,129.07412716286376,128.58796419270456,1
97.05518606109668,123.61551222711826,177.75974264585525,97.82907651005961,124.83476581226566,135.20577638764811,153.00071711693397,129.13666804612313,1
143.962908850067,170.72106373055533,90.01033202570184,103.93433449716315,115.31194177278076,125.25349052997304,148.3953515454343,123.67417263656517,1
101.93404482022547,156.22885893266823,157.97054881425925,112.35319768698939,108.00416160591338,115.24052926478679,158.19430399291306,150.33787117054027,1
153.85151523848083,177.68860970376454,133.23230199494145,103.65801519845692,126.42929509592418,126.13494043123086,179.9565414377083,137.01572413585077,1
108.57488109685147,82.82027571289919,160.03702905257,130.19341125333142,104.94482283524273,97.8872286009749,175.1537902136191,170.2968544369425,1
114.13388252142512,12.11389896660378,152.32792177724122,140.06639068028267,99.61847470253102,101.29777034736928,167.58499525214583,158.55385926829922,1
124.46446384479933,152.12317288463555,168.3184654305212,149.35677595345652,103.37996312706132,101.84014874447045,165.50650850689877,163.12712157568924,1
169.01239317652255,29.52250366942967,175.80503223576284,56.64159447943386,92.1475854282985,95.08909571138015,155.09523119190482,151.28012816018483,1
90.26216687859372,101.93544878605664,135.41974179133535,140.55674289097914,124.03661035367037,133.83987759447368,144.13551833304973,144.26098413711858,1
115.45395519744467,117.88466458916193,155.3061056076492,160.8742538508551,102.40741852740075,103.9492339987255,168.68330090506734,157.38690692230904,1
155.82766370577272,153.88664307291972,123.72003161340947,112.54306100005788,115.42214484401136,119.14116360715403,139.86251767131807,143.17176239788967,1
145.540510615691,167.43202271007075,97.39664795966372,101.89279491900801,100.23710319822868,110.80679101271123,160.91859208176606,155.90074570701722,1
127.66270993526106,131.63572103558343,100.7565811304241,122.34538126877592,153.43494882292202,151.14680981057967,112.14080570242042,117.79813977136266,1
149.714352458248,164.84676195899297,90.7780430055431,106.16349453595029,117.36821042888823,123.06494862677584,146.47823683953357,140.35209980968585,1
133.7570409422643,176.89002178664265,105.5981802144315,101.86907977983535,108.36412589296918,116.47143070563752,131.7612047754284,132.04051914458205,1
109.92911697628138,167.1642310250586,142.43140797117252,97.59464336859143,114.72442139100902,130.47282898693268,147.3961735515001,135.66007221296965,1
125.16643603579288,119.49358562973327,169.33499622456165,118.81079374297306,105.66307977005434,123.4248111826038,163.74481524076452,138.79806880121822,1
174.43635336306133,127.35740035090353,124.37751152503824,111.3861829329767,127.32877851673801,101.84207611532777,121.04603501006451,136.66051588332488,1
156.47538131587936,105.25586956837927,112.16366932469977,149.91266386719704,122.61440390063734,117.57558477807521,117.8558927509544,148.71460272300462,1
138.84923867936544,124.97455106923135,97.08799419771987,159.82455476918335,109.40232783821813,95.78315767433847,137.84904791842155,129.79200161082292,1
174.270196804275,151.22915028517215,99.40661658878761,135.5284045926535,93.86878812888293,107.982920493402,171.8012886277293,156.00230478323076,1
130.83907995201105,145.4006071061653,122.18760139447289,162.1989779661562,95.58450227698694,101.02345596374315,171.101097272591,152.49691192546643,1
145.01718024769113,135.72494625194057,126.93945946457549,147.6618619175882,115.05863142701877,119.58960856185031,135.41532284974005,137.16914590792715,1
28.1844655154548,115.8065875686889,4.688777620348386,167.37600123814363,97.99789850837236,98.01742979074227,147.55187260997732,154.54845477192768,1
167.92286968124216,143.98273703997464,128.30426966208847,123.10435040707992,99.79984866886764,91.93850176938699,177.75152913789333,179.91478920691404,1
167.44240928515313,109.03331641021936,111.52756857230362,160.01689347810003,102.78854166650126,93.64870359970065,168.34869757183935,176.014952062471,1
151.73137129216502,120.98730541437374,95.82558109574494,124.70204169897104,116.30760806906008,108.30846827889471,128.41024518325435,140.78341643052903,1
176.94341955185055,133.56800349551384,113.0327565931871,112.59787040804093,98.49529713638476,105.15064618101943,164.1609000161104,158.33788073078856,1
144.99393097961098,91.2860157819288,100.04202363552952,3.5875162209742566,115.38479796475421,113.39918298886637,148.3675297634547,144.53393771197082,1
149.244993893117,125.32292427180585,112.6976499758021,126.62132749378443,115.08359400619092,103.14851142694349,158.7090772958044,169.54427677677393,1
168.30867055360983,149.5234870022048,92.97772442266529,109.46117139457668,94.49353852464262,109.35062892575066,172.08957482960022,166.96157714476496,1
146.70329746113526,130.64456476271434,109.95766246487385,121.6776221480948,123.95905981967627,111.67223820686621,151.8741075585271,164.92155685314447,1
14.15101851374748,168.74489600638546,93.49705973929824,137.72631099390625,114.31277275351489,130.06975725233698,151.12489903376064,133.62215219859107,1
170.33763702748163,138.59210356585618,94.3382667914282,139.52257707049347,103.32574116949401,91.09828196232661,164.58699752726994,171.38338493227366,1
112.84953549932406,74.07618806585938,45.64749551649004,81.59472153629903,110.96346159393563,122.41703750592308,138.66631946525507,131.79611623775665,1
155.05736109463643,175.63844901360804,90.71733965744927,111.98524558121002,110.28255908891661,159.1100373883347,128.64487503416314,103.13312830166994,1
127.68482898122667,104.45840136934498,158.90962335061275,109.47213929596667,135.51364033486252,103.53408129696452,105.4230577979524,119.77164161650776,1
163.66499995777747,34.35908582221301,126.25757840333443,54.02826789373116,91.66295874134227,93.87257571197327,168.24173160477025,174.1397753676229,1
176.21877756582313,149.64365447727295,125.86155358049155,126.34641146208682,105.88013877707527,96.49193957747066,163.3232294435694,171.84483911944537,1
168.47875716213406,177.19456220274944,109.72980051544498,115.21489831997232,103.03865658302297,90.6875163546391,154.7555238388121,155.32844002100774,1
145.42917362026395,16.16449915225692,166.87273626384814,18.36108813787299,116.77022766624603,96.96653824262638,143.95985128034113,141.24224460393776,1
145.2568198416964,167.24366173334244,132.6745455792247,117.32708496591201,100.61481692288906,111.05428324857643,172.3322480778717,140.79525813830503,1
113.35858550077377,169.57753874120957,141.1591630291431,93.59671707762845,97.48258448641215,120.16224503218153,176.0556884889788,136.94383790348257,1
117.12987112540847,178.47020927571364,111.53426857805421,100.60808504620073,135.90120759717368,114.02110656066762,131.3618317476479,127.50817829416442,1
115.75370498908316,152.47270708522387,149.4729723490011,126.2538377374448,106.77122381863042,112.70003890002863,168.9892691219069,159.17185465755074,1
105.35927026567512,161.50205419365346,108.80537957554347,105.79215135005897,133.79976518133225,121.6776221480948,131.84299991459483,133.5960174945325,1
166.2841323756806,152.168172435182,158.90962335061275,96.27729848959754,111.56265634673659,113.4286928087454,165.998612392221,155.63986810844895,1
122.13829609130727,148.01578101210976,113.57841418660283,105.53593065197866,112.52642986334311,123.767774231744,132.80656755328909,134.71770458843508,1
110.17033295311033,161.6553065190994,127.17533360433274,91.8490640677124,110.48492926994771,123.92979742206063,167.9959613034547,161.55524286674034,1
141.60347280400075,152.70645273982805,140.3454453727671,103.73626830562256,110.12246031551734,97.00490452406486,146.62510985460355,159.4581122526573,1
113.4066627500367,26.071009020427233,165.10021609926284,47.11435992919557,93.41804232555899,107.310515747035,172.78284278859624,151.49027514245356,1
112.29362915969408,95.71059313749963,111.64893476394859,172.8749836510982,103.58991391053735,116.30623518699127,143.38101854016313,135.96769100456336,1
178.3281685413912,44.9334544091171,116.52715714853366,5.733073824096382,105.72610206059043,96.14188992333152,175.51674089046483,177.24120490720492,0
164.6426714471126,27.698035021869277,94.24184619980072,99.98182928773316,98.34389158403309,90.81845546168861,178.63314460012867,177.16795414133463,0
173.57661653956274,49.199156211415776,105.5399123696336,168.10277372662208,93.81407483429035,96.33252265486843,177.24420744585655,178.00398744247852,0
175.26921243683273,4.688218436566479,95.46088055613056,157.34423223179152,101.10661260527462,97.11734106790182,176.49355275947312,178.2831980411069,0
167.62905420428382,27.20945506247677,92.13546344237665,129.13305558236414,99.32359177813801,91.70288645516436,173.63562261622178,170.76850640619364,0
176.0879837576651,116.02912845708765,94.23853741823861,140.19442890773482,93.93289627223054,94.2506545746512,178.36549738921195,176.63139821201136,0
177.7993531521302,95.86472385272265,95.97156589779644,139.7523406170498,105.23228581433182,105.8132611105763,175.97447073701477,179.69377213282598,0
171.13831364655874,143.02406463528217,93.17557063286858,97.43941563533211,102.94464229127674,104.24346057354782,115.36501985607453,159.97069442540342,0
174.0891147635174,3.559763240596963,104.79356821354155,145.8730375832832,92.23847958424956,104.64128054402154,174.99018600880635,122.3381160409943,0
179.04279367473782,20.583068891357044,100.55349286491649,90.41668923179357,96.53663364879706,90.0065651413738,178.21575214914932,177.55738236143154,0
180.0,44.827208568597506,100.31716838898863,16.699244233993625,94.03048735399611,114.85158585971217,177.12009415453105,117.86493777482788,0
168.9584949006785,15.053698392884566,103.29240379162049,108.43494882292201,98.7393260686296,90.00685058230043,178.4026314446601,178.691819202269,0
170.79462734571015,41.13701712849495,94.93095530197297,94.05934636479925,95.38625027028822,91.80013195851014,175.09234968953308,178.37149344140946,0
171.03451482586348,15.838000001369572,99.69087558867787,95.71059313749964,102.58155005035692,95.8191437195316,172.23177026299786,178.41820066662612,0
166.30584281580204,40.87240829748828,90.01400563471312,94.3382667914282,92.13546344237665,92.13546344237665,171.2620414046618,177.9278020371342,0
170.52534399375813,43.390746877869326,119.75493848123654,13.697775455307488,92.62422002778206,95.02854835743018,178.97808475973713,179.891541884288,0
173.49897398245378,59.85605007521397,108.0791867798762,2.7800089908488195,94.12566508159334,90.01000402489268,173.63436446609114,180.0,0
63.27835399919616,172.24656452921286,6.854329640693897,105.28789660538187,90.00643115889793,90.00670482523157,173.03759836464673,178.4367409463213,0
165.75973725318332,75.26881949052145,124.78245643408312,5.744408422109379,96.02139155598579,99.60520415501294,177.04018127179916,176.69892609743374,0
173.99134480364287,54.79781740785126,110.44676743192925,0.4939168986187562,103.79916512536508,103.5670805513174,177.48946669628265,178.78203910299408,0
169.27648139961155,171.82243931370957,115.51994604567035,154.41847074206112,97.13329754729003,97.13329754729003,180.0,178.245148604672,0
166.8272422721281,168.17945236866274,106.43605922463564,139.7867886217417,101.04941996410953,114.06220202251994,176.4333805423856,173.7315508334327,0
173.25573832469888,5.194428907734806,107.30593466474926,18.315083350275597,118.60841148624516,114.07104763655022,171.20377108760013,177.1982622047838,0
166.45865415419615,169.46363441998557,117.29407489501357,147.35211921108035,112.38636556297384,100.95067845384845,178.52848031669782,178.0026382680866,0
172.01318797111523,178.29273260472286,116.57964696825712,110.87535510645152,101.16488017754858,93.53324044900863,174.13281035523912,134.70654660318945,0
175.37775215773365,69.47904098516312,109.0193737192996,156.11496541358858,99.2167202483914,95.81371717933489,176.09828692607587,170.05721504506977,0
162.28215342643054,62.96594259623206,103.3289240993822,168.83782135765273,92.73814651935515,95.71059313749963,177.51761039783244,179.56953642761985,0
166.87670788839702,32.5500034921934,106.86573086777192,4.654821262518066,102.46850431922198,105.87283902179395,178.41951625974008,93.88710078369382,0
149.65742061833782,50.55493692013547,106.80225703114765,163.47574605643297,93.40276977106176,97.16530873291592,179.77634675422078,179.5039879822223,0
166.2089347691112,85.58414348828913,102.65255650055796,21.6890649646158,91.80013195851014,96.96825674137854,171.7747812700332,176.19333091054298,0
153.84966604220492,62.32962552137818,109.25156254904634,3.0610297994176547,91.59516639581119,94.08561677997487,179.9427843414541,177.54682204650325,0
175.2086203910719,85.99799498895392,100.05951249284891,12.58072788091251,90.00954929649708,105.10629883120079,180.0,178.3503903062023,0
67.63053887920383,174.54651485686477,4.891145743781429,130.3200906230729,91.34072029090431,90.67045192348547,173.45558605850235,176.32064577345326,0
40.64177205226772,169.3549476601212,171.7241071729248,107.59242456218159,96.27966713108286,102.22512267573575,179.6021615409079,171.02470366895207,0
177.76506961039053,46.563685580708544,94.58580594404809,62.030156772887054,94.36894904527763,91.5368351684265,176.79080670086336,178.3846005158563,0
175.64620231205888,62.23182175739705,95.60927444644581,148.7044676066527,105.14639818930783,99.45465505827401,175.2942811469454,176.6265496320131,0
177.04924474207084,38.19574043739158,90.01658561992208,163.14160123226173,101.45637878508815,98.93059010041898,179.3817381191768,168.62116283089497,0
180.0,43.70576336894751,100.31716838898863,4.911034624394039,95.71059313749963,96.78170353646856,176.74805439963612,175.6496101029181,0
180.0,7.17011928855922,98.51818571749467,140.83478899684135,99.90418321297388,97.7100890707385,177.49255940325793,177.82973675655708,0
170.0789405117321,11.113040535948299,90.4690036488563,173.75474732132304,97.11416508288235,94.07493943277781,173.28027110375584,180.0,0
174.7862616099813,24.116491516975092,95.75184724673521,128.17974556151927,94.3382667914282,99.29330859939712,176.0055093745083,178.0138301808433,0
168.8495009026719,178.6351562530036,91.14663790086213,163.3641079952893,101.8774798295507,97.63974678165107,170.67127863464424,120.5385062876691,0
168.94293924317296,32.72898036593542,102.77329222956716,164.3426106184201,97.99352149363979,91.31279849697502,175.6634782209655,178.70405374218566,0
172.53013022102755,34.01331249991065,95.98059952476345,150.73613540145897,105.04367732155059,91.46538638988518,173.56629799490946,178.66079247630844,0
179.9319406633429,59.02648479365533,110.54886889453168,2.5047801685593467,92.79889851357633,90.00700281746117,179.32045148537944,175.80871428175038,0
175.1549382106426,72.51778304193668,115.38431912218849,1.5507759770693266,97.60222471531601,91.44855008627769,177.1444995971439,177.50321915076367,0
169.25528043039307,57.20266297593833,113.09460554703054,8.509129253360133,93.22864786963562,90.00808017398032,177.05636671354299,178.5238531878541,0
179.35280042223982,41.67920503030699,115.61649195518518,26.1048540090993,98.02723751043196,91.61560647688695,175.79118474407733,178.4562211659468,0
176.9107037918906,27.17366859800209,120.37912601136834,1.900010985679858,93.70221285319941,95.38625027028822,177.92728234176474,178.51824979268812,0
170.70598487394267,2.3387232565798635,106.4704284396086,143.5046712744559,94.10331978559509,90.99605730515863,176.60911619905806,173.31835929503248,0
170.76540920481446,25.49385602458064,94.93095530197297,135.0,93.70221285319941,95.38625027028822,175.38089978256625,178.7345430192068,0
166.10477338416982,35.34772373914098,113.16737303828566,137.43410429283222,113.89170354349116,113.77800458149719,174.3565987159073,178.52837046974926,0
161.67630497805706,53.32769387138052,108.16931408789826,17.416161281835652,91.65809900721597,109.79220210304508,177.4796377066786,173.85983208056814,0
174.72592067414956,86.5787807235707,119.08499973522467,7.35568475849912,117.6333801167415,92.06550991930318,167.4806292099222,176.0528474115867,0
162.85478796370657,83.25367939813502,107.73320874387082,154.8802492154262,104.06969108789407,113.61220016273703,174.179904365489,178.98863691938809,0
151.96641888638044,43.33166255170669,145.48599506874055,3.8481794609250537,109.96115952269476,108.91531376774219,178.90283722821744,174.80827913093378,0
172.76654907571913,143.0530490021095,117.46473172261193,125.62572420418299,127.96734123724156,114.14073849132551,176.5457589441752,167.47564737934624,0
158.18443794778844,21.090376649387256,122.29502897765383,17.46179039966817,110.55141113842946,96.72170911996022,172.65768897037162,175.81861857857018,0
159.4681339232551,180.0,124.60994078847024,19.98310652189998,118.08184392593148,100.35699673911566,172.51974494889754,142.5478094149969,0
163.41831263095625,57.2224160868808,118.16422096243795,19.470302009466955,99.65980679039747,104.62087398863166,179.72613477765145,177.58388971431867,0
172.92781841071795,59.208772506980935,93.64870359970065,173.05657067584386,103.98720986456706,103.66065609933652,178.6751261537193,178.7246680557116,0
165.31879901222962,72.40321839166117,117.12629155154244,7.590642266676643,98.49259082513204,91.36985539661856,179.91314880153263,175.39037176168824,0
168.88166147316602,63.582999603266344,107.3748144646323,3.8524854069806658,102.0765563852758,103.15666080516414,177.02118781525957,169.64579100370042,0
146.515125663069,50.47736872882888,117.19072124632523,17.468023251277707,99.05788812861765,95.46384281323664,175.028230204887,178.30158646233764,0
151.13829101079438,40.00462030047621,114.84514230871984,12.075852927217698,98.3940462380784,102.60376646451135,173.86916923683543,178.68911254536758,0
166.8799280977715,84.75286109838356,107.99197689102779,2.7800089908488195,91.75015983532417,106.54451660711806,178.41741199341908,174.63941656669707,0
152.2834524381254,35.433141473865035,111.5147008825033,145.66502009606037,95.34827221143135,97.99352149363979,173.6653107178328,175.7406148225676,0
169.60266647756364,147.76321344786976,110.91702561950248,93.72562819334898,106.66776303962698,100.7948288892881,175.6715917563952,178.88312570784726,0
172.69563871593024,26.37427792143309,107.34246099475352,105.35013649242443,95.76847348907333,92.51938929120627,179.2388616077891,174.69876296585528,0
176.71289935753765,48.65222278030633,94.05934636479925,8.615648184164112,91.5368351684265,92.79889851357633,179.82783771912466,178.2021688522477,0
54.734232340654366,159.52695024628719,16.017784718392434,112.52906701014231,101.40172313485864,90.00984771200683,169.6017188629964,178.13107597494738,0
165.31674881367823,118.80031909898642,103.01852604914488,91.96299821919717,103.73626830562256,90.00969620874811,169.64069983313777,180.0,0
174.44757792255038,107.02963243517975,101.43337318302059,100.8330463919707,109.5681618168304,91.99999229903418,174.18854305014614,176.2063484958463,0
78.04103519746214,163.69843428323694,0.2246001020559396,119.04148184420303,108.72738266613047,105.9338045598452,175.54243097143538,180.0,0
171.86656513962356,147.92599912470595,100.14554443389633,115.32535877699867,95.8878142843988,96.860423519741,172.84147455168608,176.0971207602979,0
172.41811122950597,131.9588095835253,97.32433672593947,145.36438038095258,90.01125452797388,106.15614226040114,177.44496220596034,167.6445031292266,0
65.27205629479766,161.4893836686838,10.229793319426523,125.60145785414176,94.24113743455112,100.80499279661632,176.13545283149355,173.507465770708,0
172.60365602102888,49.08382003193657,113.07483271231018,10.274378096464876,97.99352149363979,91.21184536569133,175.48685092208572,179.73779058386683,0
65.48238677410342,167.06407282465585,4.000185760513104,104.16877009244584,96.96825674137854,91.43209618416465,178.56025838219375,177.01330665251226,0
76.67217101800168,14.653523615176077,126.5497010238924,80.77323347855062,98.75477298979924,90.006302535721,176.32335280505276,177.55762113720166,0
158.38054497526264,80.57234996899055,100.32258467718863,33.22181976051125,100.40205550247936,96.86227333197604,178.53010333967896,175.17818264249033,0
177.2212755151953,69.43021643287666,119.7599091874414,36.38843184000567,98.59036798053567,95.62591129033174,176.79350414539655,174.8749363079481,0
165.0208860341182,46.28294321335078,92.67997394010794,151.56373522528247,93.40276977106176,93.40276977106176,176.89684471565354,178.61597885798986,0
177.45838841568363,17.93889386252676,102.95877730901226,124.74183098265642,99.11355274807339,95.8878142843988,175.8418490272367,174.6379417227869,0
170.79052180545202,49.8418439460783,124.72285941858757,11.69756566145766,95.62591129033174,98.75502039608259,177.7674831386239,180.0,0
165.3114231354196,38.49895751504813,115.4895463187522,155.03800264025233,102.46879430663584,101.56594408351529,178.70285382017903,178.55526769579475,0
178.34895965714125,47.539424275878126,115.427014742028,6.575376006056234,109.04338518678445,106.94628713343683,177.62225537939247,173.92112504829905,0
161.32710039762753,61.853218785877964,110.22997629329184,165.6671971746479,90.00954929649708,94.76364169072617,176.25695581638442,174.7192429353323,0
44.984574411344695,175.0137641580477,96.35633413199304,95.13116528289632,95.77064586202135,100.53192788373406,176.65474853025083,174.2918141358084,0
20.073760284214124,166.86441223514743,90.02334272369531,95.34827221143135,105.03082481561299,93.87257571197327,175.3825454330114,171.9966305247834,0
174.4144650034456,56.27589867823878,109.45454418627334,135.51616422976485,95.72164024606317,108.34443423864275,174.62074898179068,172.42096218175482,0
155.64189875107962,45.089664683473664,131.3565129747496,125.80166671687783,109.02434025209418,107.41797079220284,177.4469542171583,176.00027505449393,0
166.7356589534494,20.31157587975187,123.64341516260217,14.362814988812643,99.52929002802152,119.51427384309024,177.74869989229464,172.15185927556567,0
38.4153267145015,174.40166595135872,163.14160123226173,101.8867446618224,90.00643115889793,93.93289627223054,176.06066304253667,176.91190969454053,0
161.6861837228464,49.953747935717885,120.45594660593522,16.331947295710528,94.76947370874942,104.36001719776183,178.88200265360425,173.15076334593323,0
155.80323599542265,45.93578251150325,106.72267297877444,152.51300594080723,91.61560647688695,107.69241709506836,179.8552722273478,172.59217634496082,0
168.37840595875264,43.72438894849191,96.87372068169284,153.90172678450918,101.30993247402021,102.68038349181982,179.26641935078175,179.32793956824372,0
166.25201925954667,74.81416273779868,111.72810689572621,24.943905263424583,100.51647945485533,100.24958168772481,179.82364383519368,173.44034856871593,0
169.38675179277914,35.46676720996998,109.46117139457668,151.3895403340348,91.77479431816154,99.05788812861765,178.39488758155403,175.17438729634074,0
167.96268608462444,45.93155659807749,106.80431614905748,28.136060590221835,91.70288645516436,97.93794914840024,179.83835668526424,176.86410932240975,0
177.90755482697242,52.40559260292603,90.01086644081184,136.56019968692868,97.60204633096414,107.12988112692422,177.46193762544763,173.46562577612238,0
168.69263934222013,43.947677596349564,106.06998465344215,25.185488285100977,91.88067823818663,97.13440994501133,178.2806358044655,174.297966925609,0
177.3439382424992,176.48385102570552,113.20731000521276,117.4165036391522,99.02819327279742,92.47005129596087,176.6940339309027,172.54400232084996,3
147.8388162799008,137.00288743059454,98.60079647345836,111.05670559070478,103.82318298295553,154.5472415457042,141.55911551448617,114.2974635601097,3
162.1060665001834,142.12822314240117,114.72442139100902,126.28930621100815,99.75242494165379,153.28632197208165,153.38687182181783,173.75537887084838,3
163.98469106142664,169.27745174101307,102.37994460871091,128.0285912710476,98.55471068524794,91.27908562229487,164.20964183255342,164.3727367964656,3
159.52051802034444,174.08573988677796,117.93498491532884,124.70034979889829,109.63420221652142,108.12746100834423,142.4983327068803,80.10835974595126,3
171.40877456777235,167.5064996969628,94.92166228619521,110.40103957938966,90.00984771200683,90.20834737080621,129.0843670937877,167.013381166648,3
172.95278374402656,156.16632855464673,98.04688676927351,107.425361682446,93.09658923843098,94.93095530197297,171.69421490482455,172.84980238425493,3
1.961417667770341,151.13284255960505,5.75963373566353,134.7958591315927,91.9687672065238,119.32301479633273,175.98445162433237,172.79638951567287,3
165.3509908098095,170.0587112199672,111.29303081811213,116.95420148023399,99.02819327279742,109.39931774349793,171.78762560614672,166.2684095756892,3
86.29778714680059,57.990734212478195,104.99507912917598,93.22864786963562,95.71059313749963,116.68000660787436,175.55098991401275,158.47555339580936,3
175.7400250748921,168.563613567372,105.17539364387196,115.77463885438682,98.12261296482284,143.1447260852098,156.6078505308181,178.70159847879754,3
16.858398767738276,157.4433731218613,16.858398767738276,101.79542687699862,90.00768601915686,101.96556199864138,168.52345473253598,108.88251409222445,3
53.65556349511473,166.81546793754868,95.58450227698694,109.75745972192868,90.15077801908397,152.44059588165752,145.30453155816485,123.31710186683762,3
142.8659482864948,172.89019480258423,90.01340965027948,100.6049338531715,112.43588830667477,125.11790328615956,168.4104137808611,127.51310105358024,3
159.69343070793767,161.41845334393776,90.01800724439693,106.92266201179109,105.92582321453557,100.56101069119637,169.66848779649476,160.01689347810003,3
158.29168549444825,147.42880426840725,94.96091051785308,93.62175525436884,110.80679101271123,100.75867064232986,175.98825059888838,59.6019842357878,3
165.37722436084337,170.69998575020793,95.84248926619162,108.89208629959137,110.88092667621396,117.60735452427606,179.32458129879825,165.12500902972363,3
146.15886082919832,125.45507580796422,115.46002549179926,105.85454643237831,90.63659357596347,90.81163591573451,155.70862185585653,174.3491565260298,3
160.8107813844483,117.32431450385545,140.51958737503807,102.62911853689387,141.2115406528679,98.13768195167692,146.66954081585848,120.62601971434171,3
79.82643885510532,147.81475266394054,173.34190919715175,107.58861508680901,91.33336790483453,142.24078986045745,167.25010852664076,108.08623188480574,3
168.51211888083049,171.86350108988916,120.64847134182168,90.36346316059867,91.66775401354548,96.27790137270128,169.43973636580552,136.08493526406792,3
172.59490346136124,177.44395892920775,123.23981526594221,94.41105664100296,92.04061393822604,113.65907418552841,168.2099861675392,178.73425991677058,3
174.38871452522702,177.33470685258203,124.46869758333855,96.68880608521637,92.31244339302057,91.47547413666956,163.99858147931937,149.41702262646268,3
179.24615166692922,166.00915729873068,132.44710185282827,126.77798287271717,123.22479880121193,111.20475540255302,169.15134587759388,97.66053781364332,3
79.33797646668911,70.88076395503278,99.87831329755245,110.77621002498864,112.37574647641887,99.07225484683404,174.10358030073468,132.91196156640135,3
173.6814007835043,172.890027067952,133.63281850545684,99.31916287637664,95.13835868145779,92.27808345459611,175.1686459005839,170.33502048157075,3
163.43297231882696,170.9928440676244,96.7558616118184,93.9951226186274,103.02743224051227,94.28915332881901,165.77530544612029,173.73249977838873,3
174.11120831276003,22.590031944819877,155.97654312392854,31.377351793494594,94.19899198271833,103.03865658302297,176.61974719248323,166.57940978684255,3
160.33544455797775,179.5875476302757,100.03085458063093,109.13038164847102,133.98865307328245,93.07146211707038,176.48670125080412,168.96478966061756,3
167.10090654717757,170.62995191138674,119.87101964915104,92.95013315156027,106.37610113658468,107.49728205918396,164.19533162662918,154.72925657254333,3
163.42757248152597,49.59778068527411,120.83150725278006,91.86351152728474,134.18926478073763,96.20040833779478,137.18703626864175,178.14706721081626,3
169.8153756224181,161.38405975481308,128.4937179486764,90.20834737080621,106.00624095363969,95.95164377775832,156.67473398088558,119.14329183651827,3
178.18839232273749,180.0,94.77564583459267,97.34206269491634,91.50026078172738,113.4286928087454,171.90476258454257,115.0848161715678,3
32.005383208083494,177.72303722495087,120.25643716352926,103.0090453434909,92.91406344689953,101.61567012446616,171.45985391870147,175.50698068983846,3
147.0732953051929,143.07320487582518,111.86805053664789,143.03165609448374,99.74540593281249,119.40521749129383,175.51295482625332,175.2786148665863,3
151.96271783975544,143.8661702298276,91.6468000332495,116.05349531049094,90.00818511130332,109.0972049110538,171.62665710023958,176.60998049002225,3
27.524501547145526,141.32170550996722,27.524501547145526,111.21796957677861,112.85194784891566,17.964812863510716,147.80411258280054,13.046819101641145,3
173.64706030044903,166.57298850271752,97.13900235706306,107.58327873726117,102.68715663729567,101.1403184653102,156.42073337489256,176.72684591676656,3
176.41248377902573,137.2398409112699,95.87952132149891,120.8121540118721,97.13568365027369,101.42466155478758,162.46463236881198,164.41391561060018,3
146.54355311413147,168.1620812981952,138.5162167895375,133.89742054976801,96.69116591696398,95.8053882190946,177.2092393375364,163.08097377721953,3
176.32598353345966,123.89181239472666,128.9185312799271,121.03221023846726,106.09175385649364,98.57906551801214,168.79538580951683,146.55491560752932,3
180.0,167.23071775162677,93.93118660013972,106.57161864545523,93.93289627223054,103.59978004703987,172.80041757135103,171.6535722042483,3
162.15968909007637,145.1110699607732,111.8868625910763,122.12696277731466,93.06307341325991,118.40082591762368,161.6050342686429,173.78531907088313,3
129.6926731506688,147.0663769984352,106.48875370589124,124.72731984507405,97.75428569582292,98.42297572768221,169.53135194262353,70.47170402792075,3
69.33249728835965,137.42858421123924,117.01309926114077,105.36068308996805,96.53663364879706,169.43680169552098,154.03899535160548,179.49614950501154,3
48.99548927971949,168.60161623684002,105.1189436070853,148.83282735389773,136.43039404282908,150.57817260316295,174.64427341466666,101.7528202624941,3
21.794323905369158,172.78193943288565,39.041311173347594,92.81226892501859,99.7275785514016,99.4858426416441,157.02226475574844,85.17514127378793,3
169.4482542952265,137.03632545479826,115.15311713847439,115.84504376776529,101.35058507079788,142.29958413755156,163.37317445952797,176.9290290748179,3
162.75672896273477,145.17257537212384,95.58450227698694,105.68745378530033,100.11395214579171,113.34401096157751,157.65496240395677,171.23358313223102,3
164.5479414236924,159.09272218893403,90.01000402489268,92.25421675537227,99.7631119150206,101.99689930792357,170.20923746429438,177.01746940195443,3
54.166924848485465,157.78041020615683,92.54878784543462,118.65058786357085,93.40276977106176,91.75015983532417,179.21581984805408,59.36262578116254,3
174.966948924195,172.46739859905264,108.3833376598653,91.90826962846788,96.34742799933582,93.8621117693647,180.0,158.65700391498305,3
177.84176830552067,169.18540774541586,132.98056724955518,116.8372381058151,100.29230361005372,92.63386797661566,177.6669015039893,173.34373849586774,3
26.83884101298786,157.69005811697647,65.40602446960925,131.18592516570965,127.59134349534038,102.74618449593198,178.17993970422248,161.15416453860297,3
175.64299331942706,158.26128223643593,134.63481882934423,128.35859002113347,112.97420839345601,113.65907418552841,175.2843731155185,166.50673446543612,3
161.9032283620882,147.51626562122806,121.4590189043474,113.14324756734497,102.34423912013519,104.51344342721802,173.09795116001908,136.46140210199326,3
132.46563636546077,169.72520573269412,149.30963885563943,95.34950220178186,100.17874551698056,111.02655091980155,172.53021261123595,125.79825580237103,3
161.26416400089593,89.76736514801456,139.31144031007213,128.21614001111698,112.31558857587076,98.77637358562563,141.8538718338977,146.883280678826,3
175.46415482849622,121.90871555229745,141.8708017960389,28.679036269380635,90.56815455587041,118.49205660220048,174.626235576511,175.54115706604492,3
164.2578999207308,176.31771234213946,99.44696415455684,94.05934636479925,97.03273146400474,95.05531351805419,176.82755376310806,175.59781283594427,3
175.97315548261082,175.40843602972896,132.71423950419955,91.09244477472777,101.65867834673821,98.3108951316463,170.8731738755038,80.17472295785154,3
40.154489316497106,174.3873250231636,10.563198304479009,113.54993429209694,93.54302899385144,105.67228041132374,161.60090223440397,175.76360520094116,3
166.66302817771566,165.36814588842427,104.62878012622645,92.13546344237665,94.90932581645481,98.2758928270752,177.149714730746,174.84668262276995,3
149.06728279385547,109.42991770833908,100.43606907815101,93.81407483429035,91.63657704161672,94.2612232444987,179.85130151411636,149.7141811810411,3
162.7325994343599,176.63611438920498,99.96497645123326,111.30474537243857,99.36734941871356,128.89196168181738,176.85504253530198,178.24387305279143,3
145.5139686249376,167.59821739476666,119.8459319496874,91.02626352397674,99.7858362740532,98.07413124251084,174.64564162337655,177.47890369404035,3
179.2559407971113,166.18819461717666,116.56505117707799,124.4802431480066,90.48146580583835,106.76426761085254,170.1270100433832,161.75314423905766,3
164.9093520285517,172.44337878951097,125.83445903157057,111.00600922548637,114.23622290604249,115.59767216178187,142.8441770749626,143.84451999882944,3
130.42393090947465,130.60129464500446,99.53973145547248,115.24052926478679,97.18377369737269,98.92024953527522,176.40113663054825,154.70823265450036,3
127.77712301909045,168.10088029584767,91.8606620636405,106.70829112640772,92.57073711069053,107.692682873071,152.41549907967263,166.02415413888542,3
160.03138459326476,161.63155532182992,115.1856268548102,110.27737407848556,108.63585765030754,111.86097399102405,179.5773257323087,171.6722415795225,3
163.98680898092158,173.5722084282856,90.5576055534737,97.84342107495064,92.7161294598831,95.40064840680108,97.77011462393605,178.4398871389876,3
159.9450081711288,174.16091242583323,96.41691073882076,96.40435272638415,96.08400506505343,99.90418321297388,131.91518766950242,170.99193961075014,3
179.05703098597644,180.0,94.28432488361054,116.55188522656246,103.47315811273114,100.07318055890079,165.87488951323962,93.18761432712357,3
163.31254526368681,160.99615193560547,96.32734365927259,128.02343222467954,97.8080303016184,102.86228367218655,170.03682409356378,148.9077778098547,3
161.0914383499216,137.85364644776234,136.6310973381605,108.06821001823936,90.03240711165336,100.73889710090543,177.78729133206042,166.6272137732931,3
53.04712485287775,162.96926993517053,113.65661387795396,112.2118306864462,102.70202250412774,92.77900491017577,158.33258628201793,143.06444392219356,3
172.79457663560163,171.59543344794756,106.38546224586545,112.1986284378664,116.64050443578984,93.25976473552753,174.98115990058898,168.89404145714568,3
179.9614740647673,160.54903483544703,100.1811745935785,91.27753483021137,104.00435145466885,92.68352667992663,164.60719269563495,168.99006974441266,3
174.73066485849418,166.26717923215134,97.58902503368955,91.25717889513967,102.52383498051333,108.6495387540514,179.55312511415158,128.34791269847426,3
146.64280181253434,115.88633390366735,93.65161267308235,126.91653915857789,109.6334304730405,93.09625595214015,156.12602598592156,176.76273771842824,3
116.04379993703652,128.67795246132226,106.83005000149272,102.52383498051333,141.31184369365903,101.4016382494557,114.45474047727214,178.46159944885582,3
144.79461775771608,146.91621052998323,100.33450266669378,104.08597937515034,97.60447542297867,93.90961229579234,163.91740470462477,175.55227355368473,3
173.49493908211022,169.96973806387493,95.93741609948151,95.8878142843988,90.53296862265424,95.34133577345445,150.77262007322267,177.37414422893016,3
162.72995182291146,168.38331243974932,101.2072397063776,112.84455312766492,91.80013195851014,103.3289240993822,168.29551406998263,52.046733219855625,3
172.15824487546502,173.83745281557322,120.4752499978674,98.60550413225387,96.19139852744284,90.19452196084355,166.82651377007772,164.855546730223,3
52.96224020233645,73.38198172178512,124.23079477258842,93.87405197072148,109.5175988553846,111.80140948635182,172.97061410838464,168.58973853821834,3
179.36183082752072,148.16183100838603,103.87104706019828,108.27060139409524,116.165087136344,91.70288645516436,176.80970394189924,158.11210638383824,3
162.7071679561999,170.8839077109312,104.04853523915929,98.29563682897455,100.17264131935586,107.76829290485037,108.61345317010719,173.57893917650927,3
166.03058153036298,176.71731750319114,111.0824745301135,96.35358649833543,111.24916653913756,118.85028990825637,97.05476566429863,179.13089525124613,3
164.55220147444777,166.57569864733208,113.97127532315416,119.5749104971011,94.74574794380227,96.68134089854492,171.66542136120657,142.11489878243216,3
179.3484340134343,178.9702780457608,119.02786785299483,94.3116359526483,102.96541901313952,122.43822579304044,169.51569733582068,169.72602694445936,3
176.04938186165816,128.12442339157047,147.35860400177302,145.78496390394167,93.08218082452814,118.96724737289044,174.72932924835905,150.4411433075653,3
178.78074055949136,157.73880100673455,114.27941263256419,101.71025641140395,96.49322277175126,119.33538225374824,158.36565261167908,166.81979470752444,3
177.13989747381117,172.39125094374367,106.48671115813363,91.71835800165546,93.94208736299224,90.48292353025755,179.6243419575749,175.839650395074,3
45.770748745391984,164.7556938613568,123.69006752597979,109.34432927212114,91.36985539661856,114.49190102823155,166.59591740787818,178.25950359210535,3
158.87007108671747,69.23749212028163,120.79494211334472,106.07691574095013,121.13424535495975,18.065303761074986,164.2388663270022,121.51507279504212,3
172.61290094619426,153.59213849580058,115.28021043546944,115.95974959268786,176.4731343402257,90.00969620874811,163.93814443497465,163.30964324583073,3
168.86821832246773,104.77920877345191,112.1523310777859,106.27137238763902,96.10535992771764,154.36784362801652,177.11432632864307,175.27282867791484,3
173.84381559251668,169.54262036571254,107.05428101145162,103.08772450694043,91.61606665068574,107.4471884232822,176.8213579401757,164.0371105655044,3
179.13479792411516,176.89424550559323,99.78993109998638,90.01286231763379,138.22185892546588,92.39956210480669,124.26091252995884,171.4367327086385,3
165.2150922583711,171.5471287291478,123.56221614220162,93.43790676685701,93.95353749805463,99.85308020417482,116.89464934102335,173.9592098132954,3
37.4433678956661,70.15627993985674,115.85271507465987,105.9199988371992,137.22558598752642,103.38172098310118,126.99879681986184,149.97728922415547,4
23.856386349082463,56.14561450325538,109.66633893285518,110.65409137759266,126.97162107116644,131.2561907773061,129.81768863445598,124.49607799177099,4
8.28378921009182,64.66629592975731,117.24364965934593,102.59249861057584,105.18320844867397,97.37376636133021,176.28512034199454,178.73189986078162,4
38.69839126476516,88.00317469295103,105.57528869931454,119.55368363230744,111.29612636125289,106.48789009293911,113.09886529108564,137.57649091772788,4
53.10975649922643,74.28063664143656,93.33385066153657,90.83796085988884,95.23747606681252,99.24954068841338,176.18474563345015,172.4912011249992,4
50.47110239216787,65.17631404557477,91.89115470168537,90.05115693239982,98.94801732531556,99.95224859176244,174.68109530092832,176.46677968104868,4
166.19824260733205,79.37107056084507,102.33572580342486,101.66989045277994,100.26296359646507,120.19477806122276,177.77204626187378,177.30200515651805,4
145.61661092096523,93.3779162147582,93.42019717265035,111.79009394812778,102.94191487866712,110.5464576371576,174.8392331212511,177.76307351754454,4
37.24507220442979,50.04252860203619,103.3615297650501,108.11243602652664,93.3267134890067,91.51490717221343,174.22001510641184,177.30360400722353,4
18.762765980454706,58.36073954761495,102.28283860785494,91.71835800165546,125.46444558982468,131.9191027000942,121.52367240386374,125.64594955198574,4
8.826696020065766,58.198135593344865,110.52932144376338,92.57073711069053,149.4729723490011,126.75914751054313,132.721407838061,132.85471241012362,4
24.2006841102523,63.886746131186854,110.35872783129508,107.4471884232822,151.13672212595816,135.332522869886,91.66406907898882,131.3927242319023,4
17.105865799659576,60.241534529878926,120.85170704185347,120.63858533818662,95.23747606681252,91.75015983532417,177.05543683550042,178.40055534913532,4
6.555268029710324,56.28826236177321,111.41588469719107,111.80140948635182,98.56914187983764,98.138490440559,175.77971611424223,180.0,4
3.1559175114678624,36.33821012412577,94.41333696990937,92.73814651935515,123.51523590073214,135.43736386752073,138.15949222822755,142.33513495175401,4
3.83831216582355,54.00897155050767,97.09840428415822,140.62626259702432,155.1170974244378,129.28140577617992,103.7127551605188,133.25806032673688,4
2.0291168800877655,35.14861895751846,111.54766544326147,97.67122148326199,100.38885781546962,97.58415579955992,174.860056070624,180.0,4
52.11126000961632,26.05521697188938,102.51988591235146,94.27654796760619,1.6131895641113658,114.49190102823155,135.3117532028121,142.02502381601502,4
50.58260575653109,10.372029294548032,114.11064694884519,109.6645838287274,115.11912279699281,119.61313576272809,124.49651778475683,122.78167809152993,4
87.89684501374815,83.09359291793821,98.01600414531501,96.88983745618819,105.31506046217726,145.54459763264697,150.13458077532044,119.72934088337544,4
66.63729462865524,20.11908001533731,107.17200642088456,98.1344895855351,113.6046688500583,124.41180735052754,176.60430284107966,125.88727913318927,4
89.39451892563059,59.688786773318384,114.17910714668918,94.03295788478944,98.75466128329592,106.4012452939359,180.0,175.42694610231402,4
69.41502482603939,63.03102648333633,121.55737680620527,129.89030422554748,120.65707791657238,143.8448137111266,123.96655111588797,105.32182408456262,4
62.234514456002714,130.1530532963017,112.43588830667477,101.23330656636074,100.09443407181084,116.57590714319991,174.3206543683021,171.09514904645388,4
80.67082164519272,174.94607185318156,101.60040975760502,90.67882818267128,110.41488978369735,115.23257531790239,174.4891870061274,179.33317008743379,4
63.60514329956093,12.939976545737009,91.25715281690267,109.35899417569472,93.57633437499734,145.64921965924495,166.04798744421538,116.79883068699414,4
68.67033909818059,19.194309114898854,96.72171360006809,95.62591129033174,91.36985539661856,90.63022815626174,178.7616233515861,178.85538147537602,4
62.15675609072275,5.492324557127438,92.67997394010794,111.36102016125257,91.61560647688695,92.90050588515395,176.98283273829017,171.24500260088618,4
63.73172229879897,16.559832859182542,102.046270107202,114.40805914288983,128.14263915734549,152.75904107288636,161.52313766625664,101.20963408094437,4
57.513070997214434,9.99056509821367,90.01616034763924,110.39096475136363,90.00969620874811,95.71059313749963,170.79781075873922,172.11584136678732,4
52.70740262599032,2.1286701943057857,96.96825674137854,111.88039451973776,90.00797789329835,93.27048792318355,180.0,177.571126012206,4
57.140974929707696,22.047863757490823,111.13770827708883,114.03428815944258,93.70221285319941,107.02720733504795,178.39621996135537,175.50687059340666,4
86.89950855019222,35.32372890022774,122.72573078337896,98.83418766497385,91.2860157819288,93.4212192764293,178.83722713338437,175.49138234996136,4
49.2147640338883,11.515919860585775,93.94839224497295,90.30281214880945,91.9687672065238,107.24210301987785,179.78038084966073,174.48349274490135,4
16.918843707349367,65.15480145159752,131.30068050771283,122.8026120552633,134.90265762081785,122.825797448596,127.8467547450405,148.82457046618566,4
35.18161138039923,60.81705356947009,108.72578784527256,98.69079809515938,99.98182928773316,98.75878371368299,172.99629939738688,173.4854891093867,4
73.72519817245984,88.80205522769779,99.76721443656449,103.23747841505666,130.58287600720348,122.37204156235974,135.06556650016657,21.314407088905718,4
106.69924423399361,86.62711505263934,114.41073983949205,97.99201615548301,118.42925448619778,91.45635863433968,133.13808114267005,166.1966198463554,4
68.78203042322139,70.14641333627353,93.72932409436595,97.69403745661,123.63435944483415,99.32359177813801,108.48431662549876,155.34547967938383,4
37.750912422341194,78.53585261955058,98.60186273372021,94.11382502703985,104.2568164244508,97.11357319433576,177.30882994457622,180.0,4
174.01735597416646,100.20464196422373,98.22494538241239,107.28258431304462,98.62735314406524,99.22112738551039,177.22964478547692,178.07915324521034,4
150.59029321814862,87.74017317345096,100.8061456375287,92.5078295729159,97.1153336829505,104.9222046488193,180.0,177.9090077532104,4
42.99044618697886,86.91820705079773,103.52713510792303,120.06858282186244,102.57988483358679,96.00244734962209,172.8676267258293,178.74866713961333,4
16.106025463889154,60.22980459959433,111.63928264257024,97.95177013474313,105.33558115791318,99.26818012421377,179.25234859132124,172.2830812008716,4
69.98404039711734,89.71507198580085,123.90987122841693,120.30094737365718,145.7954535877318,135.232544815412,116.41370283520803,128.5210106101098,4
17.053314768700947,71.84430366576846,94.31602751986561,93.51687966696379,158.85117753675357,128.00205129150612,111.53454349818053,137.70830081642347,4
46.78562103877642,88.59530126663073,104.51105950016907,110.99285337311419,91.63657704161672,97.82907651005961,178.52055888589013,172.79968392331767,4
46.95134288135785,87.63109188715356,100.6049338531715,113.06461777376096,126.76597554787116,121.79891282429443,145.8210853604325,150.60014554318388,4
5.86597114172653,59.47724494068605,110.13630342824813,99.14477165378429,137.72631099390625,120.93716916529831,119.40718906073366,129.8584247461603,4
21.974087746497954,55.464772175867076,114.74745141814802,108.1499440342194,21.286405113659086,120.0622365604003,151.07563309027063,130.79303339525498,4
69.74936649071752,59.75563562515972,90.69446028754977,111.2382950973587,93.59671707762845,93.49705973929824,175.55206822570645,178.58280264769382,4
92.15138452728621,114.77514056883192,90.00969620874811,137.72631099390625,94.71622123433828,103.8539186115485,178.72413565991033,178.68911254536758,4
56.594232953401146,28.17960295046141,94.74885650105227,97.78341746459117,108.2015660830701,109.63732419399881,177.47573676082544,170.2921754789312,4
75.99010749427192,70.4633450618716,110.16502714622014,102.87215739086261,104.76277608865668,121.61942892790702,158.49015034568396,133.30542561113865,4
78.19129267260072,147.65850930879765,99.2723541808358,97.05469451202099,93.37438210393138,146.55662967723384,160.33726144906868,119.78545903768855,4
84.72987141984969,125.72428070723147,95.78581994621494,95.69068771184375,99.0234484583957,124.74046709726848,151.69072441554147,113.18635044130436,4
77.02150676095022,73.6868214990201,94.80031601422809,97.08985238484748,94.06995577735462,116.64601820839252,151.77271582706197,120.94572992194811,4
106.7462397002336,175.2011969465187,98.82389259201724,99.83288166202965,92.03222340581239,110.37018035266682,178.16244266425667,177.86623777224986,4
74.34147486867626,159.42814032332075,97.58531894607981,105.25511870305779,105.56317906963444,103.32157226588225,179.144380254075,169.06783642220879,4
81.26475890964706,72.3917563846326,107.9757973951948,96.43692060085532,103.97836896284898,103.35029672551839,177.78406076719594,178.72477677009985,4
62.7410370285436,6.201141753947352,98.48327243488967,101.83364530616066,91.40028463920565,95.84248926619162,178.73413230385964,178.47345669498432,4
61.641541949849255,49.611133321562406,99.02945238568442,110.0270570317818,138.30520361672734,142.39433412762097,127.56237818159337,114.6669933964832,4
59.579889890104475,1.6615951474705108,92.47005129596087,102.21016918940832,135.52563460645763,138.77163585250767,129.51495205561184,113.98003975543095,4
112.03530033375563,166.88707555990902,119.80759099044974,124.78232374360988,91.77479431816154,91.88067823818663,178.34331710201542,174.97153758265918,4
86.18592516570965,62.54757305023262,131.34777721969368,119.72243876792426,156.91973429509378,162.8420395459341,99.39580980204984,98.166036717247,4
75.02973012667165,39.04236953650181,112.45505321580322,125.36246188706906,122.81503925132162,141.1945402528234,147.8110109837554,118.69071552234756,4
69.94551268615453,19.871619966159887,92.79889851357633,106.26918453419457,115.69918592160462,148.7628166608991,157.7889708859671,115.61360730902898,4
52.39915674263502,2.5396804503406982,99.42913612455855,117.36821042888823,125.73832367044591,130.35739780170232,139.13620853457297,131.45683741564002,4
40.453323521456575,57.313868347502215,92.91643376295592,95.75456533110219,96.01217883264428,95.13116528289632,177.9757536467775,178.46476007768007,4
63.71285664922951,75.46364940288555,113.75524304100772,92.49283315211598,130.79974783134736,112.45920646045586,115.77350597392527,146.36772233743608,4
17.26716237758697,49.11457143423493,97.24489376387389,103.12153031263074,97.07951643429477,97.4340276858391,173.57060580683856,178.16210188715277,4
45.873655532006666,66.53816238280766,90.65386170697245,91.66510605810367,103.3289240993822,97.11502629613545,169.9352850822285,180.0,4
41.10665859423322,63.74134044519272,97.59980561558288,101.36791239706784,101.21958915640909,105.41606148063619,172.02909910367836,172.43091118211902,4
56.424704235401705,62.03047986052137,92.42135045900781,111.51403894932761,96.84277341263093,99.45148243577799,173.7881619141882,180.0,4
128.00508540486402,85.98930128355084,91.3744422334876,100.76427488060449,96.07634482114901,100.77313575530984,178.25466377584073,171.54762104248934,4
170.9638332386414,93.8416806040227,91.54731327612367,116.59817650361258,90.01050422612636,112.83857988109601,177.55380072389485,164.2841795485431,4
22.682522636393898,71.27218927276178,90.26864831882602,91.5334540757588,98.25347049835132,96.80878779144794,175.85749403434644,179.8309501245129,4
20.094453787683054,79.71836420149336,101.52997333910982,105.099498658873,143.20097351515213,93.45563466336735,103.63621424752039,176.58246360031077,4
46.255066262918994,80.88356202997178,120.47136766126027,101.65384058583433,149.3759024564447,90.01575633896888,113.65576375016066,169.20132797232998,4
15.72512817299426,60.35013649242442,107.1907601676912,100.16208319400076,100.69449535091012,113.3906244260522,178.26106769996045,173.15098993652487,4
10.638766609506764,28.610459665965216,146.39898743166333,151.3895403340348,158.53919835398617,120.78789526876503,113.39492767820666,162.01266534793854,4
48.65222278030634,84.65086072759209,123.53046966713309,111.07607043071357,155.55604521958347,137.72631099390625,114.84478291282848,142.96484521966067,4
82.95575066156128,60.10465103548411,130.6924953085073,136.2018330644521,143.4288115072347,162.96984322711296,125.7287991416428,174.85436434922116,4
17.167972631061954,65.12128713116903,113.21030983840049,92.2103189243539,100.6049338531715,96.01217883264428,174.4814446027806,175.76374972508918,4
44.241616404894195,56.24027100131721,90.73925935540784,103.68706071428801,91.66295874134227,91.77479431816154,175.19439875653103,179.4924954260608,4
38.47759614200423,10.79104310441672,97.40691212849522,94.02599227780394,100.92218548678582,107.01866626446507,173.75162833496177,174.10193667829682,4
69.15822373044261,145.60277536287057,92.56816295273096,96.86999230821426,101.19316451895934,105.56398783780966,177.31203103439643,172.91078232154953,4
49.33136649134106,8.59979363381052,105.3762512488262,106.27909995197783,142.9708495166965,140.63457658885105,117.23384057399852,118.96295979438261,4
60.224623057094206,9.413623906149773,96.05033361412134,99.7549453831804,129.73034691730822,112.55023139767682,144.86993435163,130.11260951786736,4
48.9150086657135,57.910734439419045,100.97767118171775,114.11076757213142,131.0949100015252,122.38637254598126,132.57042366120766,141.13599152930556,4
59.28945739778839,43.15238973400541,92.4848615456473,102.53401499619643,123.05182967236983,121.29212239543853,118.80136053213806,132.49196584662596,4
69.2245645163412,160.10774294664458,109.7330913821211,97.64040676102675,98.75477770799614,103.0986758191004,177.84677036065844,178.45402535535004,4
86.06904386617929,140.48533505079263,100.55353843328821,99.73901907544133,100.98927441872539,103.3289240993822,174.06511336322086,170.2903568189911,4
102.55240564007136,158.42575320690543,98.93059010041898,103.77975160430802,97.6791136362936,93.34859481445689,174.0144124598831,176.96247622743678,4
73.50663514371196,42.733364200028404,115.7552707601671,113.55796385417787,144.8675781529972,97.253604666727,157.84792834986007,166.06209231692063,4
79.26780188925268,0.36821973460705865,116.91192846804873,131.3714678445636,93.22864786963562,90.00829281013476,177.07314359394266,178.18923670973058,4
55.74918913950736,27.2359708902917,94.27622768078776,101.83364530616066,100.15233963530582,100.61965527615513,180.0,179.9846123866965,4
88.8876003837022,5.32439474774165,108.43494882292201,125.67249114203857,92.25838157291734,94.87813527746128,173.6042409288163,178.91134153789844,4
85.67418116794711,13.658264614890248,103.36659404056235,113.23231374666572,91.6801944049274,91.77479431816154,176.68228786097828,179.8778447622784,4
69.43268274052399,44.173675860270755,98.75138093268497,111.45087375890121,116.46692105763327,0.8184554616886142,125.13150613766287,137.808484877346,4
51.38823155161397,7.375362899943891,91.33281571043246,93.47952985856534,99.0744527577356,106.53564577703855,178.8584509904825,174.9266726043604,4
83.58924491588216,24.565115018288665,91.40838957417762,92.82163323308156,100.6123722229958,121.89079180184571,173.03062116873983,122.79953127261922,4
169.91085773082426,153.81480983762998,112.43059977342804,114.99420542773349,91.34072029090431,96.81821457165186,174.43129876203596,178.5614845522258,5
156.3753306978044,137.37541440642002,105.68745378530033,117.52188546627403,102.07301707444581,93.49705973929824,159.33902037147638,174.6952238014877,5
175.9998142394869,154.43360215957034,94.83658344573529,141.31121057513263,99.65679165051891,143.08263278795584,163.0021666838254,150.30206320669726,5
116.59351405576646,159.8831391685356,131.02750405924934,164.0003724261925,91.83150840800731,140.14218988180767,150.455296108029,178.92266936925515,5
142.43140797117252,160.05994887679987,93.67823872199338,127.4367210231189,107.53180024007996,130.8284899240682,158.10642042852467,120.18496238704014,5
162.5508046021312,166.6399784859745,92.10379694685106,112.41355868873343,103.68806273327195,96.83158851066996,177.18259881334234,172.46549130591245,5
178.2836900956985,169.57069413574402,98.78775628756283,114.72442139100902,98.12071266806677,113.30072191976048,165.1946303368543,179.45901799826072,5
156.76839074370935,178.38331425802437,99.85723229790548,152.43266657194175,149.57902935154834,139.81952321953509,165.05266379040023,174.2958510821671,5
167.72507860129997,169.30443059685345,90.6270929438146,118.8087628131609,115.0284241238516,129.12260739335687,175.77559678291615,141.04590345023715,5
111.75872471475591,64.54284064467964,105.41919999046381,106.97115035922306,95.98059952476345,93.59232984624933,176.75554860372762,118.8361400196838,5
179.36137922360172,143.85585316873028,99.4016151820715,104.29011705162566,112.58287009958148,102.81664764899743,172.51388057819136,148.08122923626377,5
167.61087587373785,150.45433669975597,107.4471884232822,119.56182831109875,92.92885819969311,137.72631099390625,172.9912993601318,167.03749367334476,5
57.10180712982667,142.5460688107335,92.67997394010794,101.06487075406558,104.71830386109913,128.88211357742512,163.5363601165844,110.75291618006825,5
164.80602938419938,154.51956243557373,100.18132000651443,105.68745378530033,98.70800868594664,132.38876494129016,172.06531590420553,131.4859071417123,5
164.8240176440889,149.02302512292,93.81407483429035,106.44248691389318,106.47419625284219,94.41407851789818,157.4878599062317,171.96772530595214,5
169.2045464122682,105.32989457514756,92.33811371806252,97.89241906740706,94.7612408116179,145.10025869753582,165.8489238190276,129.2570555382142,5
171.03924189659315,158.18369651918545,92.67997394010794,113.74949449286676,99.18883607735876,100.67894719653515,177.4501089073743,158.54155740215788,5
170.20174309611437,62.78466054340599,151.85413537169637,131.74277805933303,134.99421530216162,110.80119681437779,178.82535123210104,160.50871672438794,5
160.3819491429992,151.93571081107515,123.66883900545689,92.09990451764517,90.98545704014624,109.46001243528609,171.69633057699158,103.69332416266961,5
158.88417495188668,163.0087085057853,140.1333590315724,127.81573260757314,104.29899097323293,94.96323428031711,176.7728557481871,147.82211760058803,5
142.95000935723579,163.65404172834985,109.10139225877047,103.3162601763113,95.17805962085,99.26184235348917,171.37551727874305,173.71300519299666,5
153.80291404630356,139.77055374902278,115.11964763535735,95.40634462282028,93.59226634176322,102.33759231982543,173.1256597284669,177.66383084679654,5
157.7012213811303,174.20912993155287,116.22024623524354,93.46213272015869,101.75915316729076,90.30495852729624,167.14558274623306,168.84798157963317,5
157.55700970983037,160.5301320501264,136.01993338064423,118.09939267677875,112.27658253834728,102.389499037301,167.64812212289146,176.25969299709936,5
167.23665990975297,160.72284444475105,151.3411010031031,97.50933107381732,98.62735314406524,128.74224026058513,179.11547464258643,156.40472524263438,5
177.82480322710518,175.11689510879935,116.01328105014603,97.72261912874981,99.91394565614283,92.71752964708317,179.9408132233531,164.4250229791788,5
168.34998631373054,175.5381211543461,102.78854166650126,97.19436767211978,109.70445359967344,90.5971982240247,179.863149264748,178.06832817138658,5
111.24533720663192,125.11816137380328,120.44464716071917,103.14200110867215,109.62884588067193,93.61699326596246,174.2354245970103,179.8332490752474,5
140.62555529419487,161.15780765289813,105.35326219326383,99.7872036646561,96.48307369289724,98.2356193242095,170.58723228376599,178.47964412837504,5
172.2084062162637,164.6141225520429,95.44357015222532,100.8330463919707,100.08967296521496,99.46232220802563,178.88716832467608,124.01771804988235,5
170.2640036025143,26.283554903210387,95.34827221143135,109.72980051544498,91.63657704161672,101.30993247402021,175.63300972968017,172.7147721720789,5
128.49445012095603,158.91624541761936,114.1128292747613,104.51105950016907,92.68451647335392,99.68705677201744,163.8253803537911,150.9640238278018,5
130.79415498778755,26.66417872438966,125.96208321133585,17.929951023023616,104.51105950016907,117.6754626209958,164.959783799238,145.67770300808093,5
158.8659517417499,109.0388860514531,91.12302405030336,90.01340965027948,108.59594184774693,90.01016538012952,171.803623599558,146.62100747459124,5
61.019500708040326,136.99632058080408,119.58347319686658,116.4816512658009,94.16503242794384,111.79400051897262,178.47986179185725,180.0,5
176.19812113375548,157.6931005938737,93.40344954112724,106.0656527242448,98.49617298026072,90.84252426074042,178.17506954281532,152.04603189094695,5
164.63873794179284,170.0907696595815,108.69682780672044,110.52932144376338,93.40276977106176,97.7100890707385,172.12148250670683,177.30200515651805,5
154.81465726302406,167.82541207166292,99.88536302941208,132.34490406260062,125.18225505763266,150.39807987452755,155.95830593618282,176.62223613080369,5
145.6843382019398,160.54763946407928,110.34645939805448,155.00969388867517,98.6600331491622,12.80426606528675,147.35032516161928,162.77383421985107,5
25.215559013043684,153.0945397305576,34.03587549195967,107.634268551812,139.7484191399866,91.43209618416465,161.02522417661675,158.12247106170824,5
137.29602115218032,157.1887888237259,174.4479868340808,153.09329029144,125.9267172295063,123.27049649411668,155.0955952766874,173.3666619243358,5
89.85817905321959,141.88026820657296,90.28401869695642,122.76667460747434,95.35208840220355,96.09711153433128,159.6097344642945,149.6866959902865,5
154.85174731759867,150.95588809599914,90.7689235072696,106.8305659832106,104.03009753970717,99.81341445145584,172.05090022071755,165.48271534737694,5
162.8355225525914,160.71721080444559,103.42610487252128,109.39935093447005,95.34827221143135,117.69112970216574,172.13389492845707,163.49615315644485,5
62.72633619455978,165.64169258568148,94.5640792288114,110.52095901483688,91.40028463920565,92.73814651935515,170.65718303481276,164.6496646931606,5
162.8735294822531,168.49415898842005,98.48327243488967,95.49954263883572,95.46384281323664,145.42734794874673,179.68383306032308,175.39751795298818,5
30.8553473624411,158.09901999407555,101.46850947720021,127.88465709005965,142.96484521966067,176.6433890492999,168.11160569116964,147.05374471861063,5
179.77362512296307,147.8858804065968,115.30137862541972,91.87355172954193,105.68446054125926,126.03286780199443,160.04134576177648,160.98322321793228,5
153.99665415548856,160.4142786880342,110.13630342824813,111.36102016125257,98.13883994347422,125.75388725443675,172.3973849698059,163.4751605169695,5
151.31487851852705,174.9528119922932,124.63274740613402,100.99854543374538,94.8365834457353,153.3417345133292,159.2436966284521,178.74744945269174,5
158.81350443417193,148.0858818430172,91.09027249454202,133.3070215623711,102.85378509241058,120.30094737365718,169.75802628307795,164.62417957890156,5
178.30079722402579,153.2819272651173,98.78876250959382,99.39052968727015,94.90932581645481,104.18302770477543,178.2081143335725,176.87555837964422,5
167.01514342212928,175.52893607986223,108.031148135334,95.21883432135736,97.93963787153339,93.22864786963562,174.05136017018205,151.86073777559213,5
172.92894524146595,169.21608060594403,124.58476256031162,94.74574794380227,93.70221285319941,100.03497862910369,166.80105332534282,179.09328590976367,5
149.81579929928756,45.8347365142003,112.17765661102263,92.47951591838097,93.8570077146268,111.4511562220206,177.01852415542328,175.81718785060923,5
157.89448904821018,135.21131428236941,95.75991800437188,93.86429777424262,102.0765563852758,103.74172931129745,175.78228251621343,161.2828417389225,5
152.3304380388233,144.35620355087352,111.6640756661537,137.66365648673982,118.57719992505875,110.45211169660291,167.15595046769803,176.70385349684835,5
177.70802307090725,162.21855058661538,149.80398015627048,122.40667004389688,109.48612957246576,108.00673721803602,179.82711042361097,165.71919552691972,5
170.92970168143603,144.51207662506798,112.38175398839815,117.58070864820043,106.97852819244139,101.51012655630693,167.67473487432065,173.21311608075655,5
124.30607486910611,127.458890306266,121.32261108720218,90.2351217494558,95.98059952476345,91.20030737399306,179.25892401502384,176.86316217665592,5
169.18826281189988,168.39596629781573,120.14066186466678,94.85265829897445,106.61956721747376,91.83739820687322,177.08352254793255,174.76932651566852,5
173.4292561849864,179.24123340290387,111.36191073230934,106.09415137675951,106.44248691389318,103.57498781275368,166.32071120739306,155.92637394624523,5
175.89691038359953,178.08865224229828,91.8101445986627,109.792033269865,96.31805506144909,94.76193909416442,178.5667621802594,179.5148652814343,5
142.31632041100124,146.29439051548138,93.72243099127687,94.0690387827729,96.00148057167293,91.77479431816154,176.912983645643,178.3944194420524,5
133.04073737111838,170.4144371578983,105.07687454402146,101.67761211384439,93.29709092667939,111.05670559070478,180.0,171.93525017016267,5
157.56130278163093,156.02396652166982,118.99076481684533,111.88008001155659,103.14086993007678,111.93300268517626,173.50909073685241,175.7692257097776,5
75.38580929367947,172.29998463964733,111.61477894278624,101.99770834180538,97.72828786093478,14.1670555226312,171.30415754843034,105.02883939388417,5
160.96097335865517,126.00712991185111,125.44191891816008,91.77880031567385,114.72442139100902,128.8298249049704,154.5992887198747,120.50161436765057,5
170.61103982552362,146.30274275379216,93.93289627223054,115.13210240252155,98.8350581417997,95.34827221143135,179.4539600487944,178.66229221988237,5
171.5815339085181,176.01628671210636,94.97544383938185,115.34070492430648,100.01201499965377,97.34303478195753,172.43352497156172,178.6418478268194,5
166.43028468536838,170.2640036025143,103.63915744756785,116.52020564899826,102.26681260267405,91.9687672065238,179.54422382655454,178.219801483021,5
30.270911110829406,176.65891492675564,119.36633905097047,119.05460409907714,107.17859225409768,91.72677623797127,175.59307935793768,163.52285653179362,5
74.8885659225627,173.91479691933029,92.46334227062117,102.99962210154936,111.74444978793458,90.98121299649952,178.6500289753153,170.02720731531565,5
169.6737904526143,179.450877917887,92.52511458879697,113.31959102624224,112.72508245491326,101.80797330353008,167.38243050358759,178.1855791264368,5
159.0560657719093,174.67093331455908,98.14294124907593,111.78604456864207,102.87500155961247,133.81817001501452,148.2870294067627,171.44198496358703,5
167.87115633158248,152.37791881808093,116.1218066138581,123.11449094522806,90.01189157670932,94.54071786797968,160.10389922612578,172.9646282249405,5
156.27352566446194,159.2837562229999,90.27283498306808,116.72289039077987,96.51217938852704,4.174769891912436,157.97419236081905,127.77854329118792,5
175.03252133432736,172.55933529565135,98.21998584598097,98.16497500932219,91.23559974391745,93.35517934231896,172.87897903336662,179.88914227223896,5
174.52679409187974,166.3168284772134,93.91353329143148,108.37006121814517,93.37542803206088,99.18199345660499,178.91843460602007,178.77137361966976,5
63.698954598634266,154.32765235288133,95.18849090594105,91.33386270827413,91.31279849697502,128.74596725608353,176.1145975525944,157.31809730238862,5
28.922855281749698,154.57846105086713,166.58764235813157,114.72442139100902,90.00797789329835,29.65697069540513,171.11207092053556,127.42011727618518,5
144.62029453661177,149.02238717327205,91.86451444565877,105.75117366345303,90.00913410970006,95.46384281323664,176.37535632299858,178.80068224958427,5
168.4653793463553,163.2017308242797,126.49996903112874,93.52904537260845,102.52055035327075,163.14160123226173,166.17739273055605,160.77205347662135,5
172.78307068920782,171.10850453010627,119.12193068785365,99.75242494165379,95.16023122620639,96.61307320886219,179.07335161266099,169.4999977926137,5
154.16607933741457,170.71567480953894,118.07248693585296,105.1302420284615,113.50436895553452,121.68009919898486,167.54132172891522,159.38473475502687,5
162.9268054110444,175.13476515058744,121.39710151753738,108.20138859146978,104.09668203149381,104.82263886959963,178.8874152566309,174.97358482572184,5
138.84980521801253,148.85564416934415,121.08454857977773,97.3888332357292,105.314770716396,91.95049563338634,178.8380229408351,151.0305878321857,5
172.88738559043918,162.46213041551874,100.05951249284891,90.01340965027948,93.54618928157768,102.49814248869917,161.64794341367624,171.11762831418798,5
175.12506064070774,168.01469160575988,97.13645945225385,110.52683503628029,90.8495709635,107.61289499871532,179.56681801510956,167.49930010670224,5
165.87935328424462,125.97905876940101,122.19404354440505,100.98722540276695,111.80140948635182,114.25391972431659,177.51044707800085,177.86308914624274,5
164.96986777684828,140.92816907522362,123.70256994075439,113.74321935440007,92.75655687153653,102.56479105778435,153.81364376876064,174.14869140288715,5
168.24994272903012,173.09254184423216,116.21979058903307,91.35053440900603,112.63663955821455,113.34592466957331,170.7706536673559,177.88397007257012,5
146.25831466860376,175.3982189902603,96.4369206008553,96.60483549675398,113.58165114484989,111.87976799810193,175.15914032433585,165.51877418245797,5
110.78981750345746,155.3988219982511,98.62128096716798,113.75211038016408,91.17787810302659,101.29998171988325,170.49961651366843,172.44025097390315,5
89.82732831052414,177.1871514397889,100.38885781546962,103.25546534033639,103.21758981198103,93.28844022783274,174.8835820831493,174.87346633724303,5
170.2853071794092,156.76664417768768,90.52085637450195,98.38868890056007,90.76855582135227,96.23891547118873,167.6468236106537,166.61454458689033,5
164.12973477179992,176.8580992142424,121.62666517138504,94.35660264825587,106.84597726271349,108.14563805544272,170.14564858508163,161.02885634539803,5
161.13272062488304,152.2869999989975,105.93012923305065,98.92817683365632,96.6486451832689,91.47827265668887,173.3040470942792,176.78608277662914,5
164.55575359253618,151.48636082327937,112.06552460782036,104.73814386417577,93.8570077146268,92.19884315443015,178.0754911122109,178.52301363352788,5
164.93332539982453,166.9773253936331,97.59464336859143,113.49330145513697,96.14795700502036,106.99082329198616,172.13095522750382,159.34839554252173,5
166.22892556590162,167.664952329628,96.35143377454678,91.31907761550855,90.53084027575916,101.41098312676539,179.57040784401252,175.5278699357156,5
161.62107149891295,172.01481343111976,111.09677590801958,104.03624346792647,95.40868962159848,98.2356193242095,143.18560315947104,160.6510553645752,5